model,he09_native_tg,he09_wall,tools_score,hermes_score,hermes_mean_case_wall,fidelity_kl,fidelity_top1,fidelity_ppl
Strata v0.1.40 · UD-IQ4_XS,75.83612701040131,29.755397959976108,77,91,919.9079999999999,0.059757206753223685,93.9453125,2.0863103127296028
Ciru v4.4.1,56.020149943031875,38.206121588125825,,97,872.836,0.0867449193,92.7246094,2.0924601500111857
Ciru v5.0,55.26246148757685,37.47560209874064,80,96,1052.817,0.049537253,94.3847656,2.0441517903338635
HaloBox HIP,45.737141257617324,43.01516885776073,70,96,1357.8915,0.0291820424,96.1425781,2.0364193335796124
Gufo,57.61984842207895,33.09632412204519,73,90,898.8515,0.0279660099,96.4355469,2.0350225054040183
AgentionAI AP-Q5_K_XL,44.316773936537096,42.630542205646634,83,99,1355.8854999999999,0.0291354031,96.4355469,2.0263647577547848
Halogen,54.273186067676015,34.554416520986706,80,96.5,799.1144999999999,0.085904687,92.7734375,2.0796831991246103
Carlos ROCmFPX2 · HC-Q8,46.3302403174662,40.9506232268177,73,95,2734.692,0.185625364,89.16015619999999,2.1975630964549357
Orca,,,,94.5,1141.168,,,
Qwen3.8 Flash API,,,,98.5,876.456,,,
