tag,window,rows,mean_teacher_KL,teacher_top1_agreement,mean_candidate_NLL,mean_teacher_NLL,mean_logit_RMSE,teacher_top1_tie_aware_agreement,teacher_top1_tied_rows
window,0,128,0.004872327965876789,0.9921875,0.0161555243238534,0.004814308294876009,0.47361114992804776,0.9921875,0.0
window,1,128,0.004153580870177264,1.0,0.0029957708325089884,0.0037459577753510636,0.427859336403309,1.0,0.0
window,2,128,0.25430987709352615,0.8203125,1.410610201890004,1.3262316901183913,0.6268650804236773,0.828125,0.015625
window,3,128,0.16806553520070083,0.8984375,1.4012519633193745,1.2348452066393452,0.6203921787520401,0.90625,0.0078125
window,4,128,0.06972939253189682,0.9375,0.6560319837309074,0.6017116244062276,0.475708189403061,0.9375,0.0
window,5,128,0.049512335181494796,0.96875,0.328038388933029,0.2832690299530809,0.5404390009753424,0.96875,0.0
window,6,128,1.5710308412424126e-05,1.0,5.8770071722835714e-05,3.9266729776664724e-05,0.42097118604059164,1.0,0.0
window,7,128,0.03573679262803355,0.9921875,0.0678077532266254,0.007917888289727096,0.4122008600108887,0.9921875,0.0
window,8,128,0.01666920264655089,0.984375,0.06545894043711414,0.03678192287607887,0.4189549389148627,0.984375,0.0
window,9,128,0.014942322432942405,0.9921875,0.04795788147428836,0.018344528417502396,0.4613203006496512,0.9921875,0.0
window,10,128,0.07049943389067687,0.96875,0.5128068739976522,0.4429187574974454,0.5053186185851052,0.96875,0.0078125
window,11,128,0.03191513345991293,0.96875,0.23185138426901902,0.20431064374699232,0.5454894566873372,0.9765625,0.015625
window,12,128,0.06540058406094773,0.8359375,1.8421256742500507,1.888682349163175,0.40976149241796145,0.859375,0.046875
window,13,128,0.08231301495359994,0.90625,1.2291035048412735,1.20576390306356,0.4283667950448876,0.921875,0.015625
window,14,128,0.04759282946535112,0.90625,1.6253819043092297,1.58473785635799,0.42039932339559194,0.9296875,0.03125
window,15,128,0.040387235361478514,0.859375,2.3287171634973496,2.2864272029175714,0.3527513046734513,0.875,0.03125
all,-1,2048,0.059757206753223685,0.939453125,0.7353971052127501,0.6956588835154431,0.4712755757691129,0.94580078125,0.0107421875
